"DESCRIPTION","DURATION IN MS","NAME","PARENT SUITE","START TIME","STATUS","STOP TIME","SUB SUITE","SUITE","TEST CLASS","TEST METHOD"
"","1527","TC-UI-010 user can log out","","2026-09-30","passed","2026-09-30","","com.wnag66.ui.tests.SauceDemoUiTest","com.wnag66.ui.tests.SauceDemoUiTest","userCanLogOut"
"","1131","TC-UI-003 invalid password is rejected","","2026-09-30","passed","2026-09-30","","com.wnag66.ui.tests.SauceDemoUiTest","com.wnag66.ui.tests.SauceDemoUiTest","invalidPasswordIsRejected"
"","1495","TC-UI-005 adding an item updates the cart badge","","2026-09-30","passed","2026-09-30","","com.wnag66.ui.tests.SauceDemoUiTest","com.wnag66.ui.tests.SauceDemoUiTest","addingItemUpdatesCartBadge"
"","960","TC-UI-002 locked user sees a blocking message","","2026-09-30","passed","2026-09-30","","com.wnag66.ui.tests.SauceDemoUiTest","com.wnag66.ui.tests.SauceDemoUiTest","lockedUserSeesBlockingMessage"
"","1604","TC-UI-007 cart contains the selected product","","2026-09-30","passed","2026-09-30","","com.wnag66.ui.tests.SauceDemoUiTest","com.wnag66.ui.tests.SauceDemoUiTest","cartContainsSelectedProduct"
"","3432","TC-UI-008 checkout can be completed","","2026-09-30","passed","2026-09-30","","com.wnag66.ui.tests.SauceDemoUiTest","com.wnag66.ui.tests.SauceDemoUiTest","checkoutCanBeCompleted"
"","936","TC-UI-001 standard user can log in","","2026-09-30","passed","2026-09-30","","com.wnag66.ui.tests.SauceDemoUiTest","com.wnag66.ui.tests.SauceDemoUiTest","standardUserCanLogIn"
"","855","TC-UI-004 products can be sorted descending by name","","2026-09-30","passed","2026-09-30","","com.wnag66.ui.tests.SauceDemoUiTest","com.wnag66.ui.tests.SauceDemoUiTest","productsCanBeSortedDescendingByName"
"","1660","TC-UI-006 removing an item clears the cart badge","","2026-09-30","passed","2026-09-30","","com.wnag66.ui.tests.SauceDemoUiTest","com.wnag66.ui.tests.SauceDemoUiTest","removingItemClearsCartBadge"
"","2133","TC-UI-009 checkout validates required fields","","2026-09-30","passed","2026-09-30","","com.wnag66.ui.tests.SauceDemoUiTest","com.wnag66.ui.tests.SauceDemoUiTest","checkoutValidatesRequiredFields"
